Wall time,Step,Value
1778327430.0053265,99,0.455752432346344
1778329901.8663871,104,0.5462442636489868
1778332368.9047153,109,0.5694960951805115
1778334846.950396,114,0.6390656232833862
1778337320.2018936,119,0.728163480758667
1778339770.4997406,124,0.6772398352622986
1778342237.1146736,129,0.764857292175293
1778344704.0598986,134,0.7259485721588135
1778347168.5741308,139,0.7482991814613342
1778349637.6099384,144,0.7778000831604004
1778352103.4153068,149,0.7006539106369019
1778354562.5364826,154,0.7702599167823792
1778357018.473518,159,0.8160699605941772
1778359472.8503604,164,0.8086304664611816
1778361945.633447,169,0.830754280090332
1778364400.856394,174,0.8010445237159729
1778366858.3667078,179,0.8101019263267517
1778369319.8565094,184,0.8459932804107666
1778371775.3355017,189,0.8394438028335571
1778374236.0812633,194,0.8677278757095337
1778376689.8752017,199,0.83809494972229
1778379143.6470718,204,0.8336107730865479
1778381588.0773585,209,0.8558415770530701
1778384030.9248815,214,0.8651474714279175
1778386476.8335187,219,0.8400373458862305
1778388923.7248302,224,0.8817458748817444
1778391369.3009307,229,0.8859311938285828
1778393820.138914,234,0.8798039555549622
1778396265.5116992,239,0.8975423574447632
1778398711.284325,244,0.89230877161026
1778401153.0601847,249,0.9012747406959534
1778403594.9571443,254,0.8671144247055054
1778406040.5119658,259,0.899639368057251
1778408487.0600188,264,0.8881440162658691
1778410948.1056166,269,0.8809081315994263
1778413400.0466275,274,0.9011927247047424
1778415849.856665,279,0.9009199142456055
1778418296.5924025,284,0.8834049701690674
1778420736.518972,289,0.9051299095153809
1778423180.5486567,294,0.9106599688529968
1778425625.4279766,299,0.901945173740387
1778428065.8622048,304,0.913902759552002
1778430510.3938448,309,0.906239926815033
1778432953.637486,314,0.9094339609146118
1778435396.7357917,319,0.9063578248023987
1778437840.4149947,324,0.910035252571106
1778440283.1940577,329,0.9169697761535645
1778442727.4044943,334,0.9162192344665527
1778445183.1036859,339,0.9240152835845947
1778447636.1305416,344,0.9205058217048645
1778450087.1397033,349,0.9079221487045288
