Wall time,Step,Value
1778327430.9250653,99,0.5243949294090271
1778329903.6703768,104,0.5904520750045776
1778332370.6628237,109,0.6432580351829529
1778334846.9507012,114,0.6364537477493286
1778337321.9983926,119,0.7185920476913452
1778339770.49999,124,0.6876451373100281
1778342238.8884795,129,0.721277117729187
1778344704.0601032,134,0.7039781808853149
1778347168.5744073,139,0.7114893794059753
1778349639.31908,144,0.7237927317619324
1778352103.4155655,149,0.690502405166626
1778354562.5367184,154,0.7231674194335938
1778357020.2648597,159,0.7721909284591675
1778359474.6240084,164,0.7834752798080444
1778361945.6337118,169,0.7658233642578125
1778364400.8566833,174,0.7390312552452087
1778366858.3669565,179,0.7515161037445068
1778369319.856967,184,0.781135082244873
1778371775.3358989,189,0.7826207280158997
1778374237.9522395,194,0.7845439314842224
1778376691.7034912,199,0.7948825359344482
1778379143.6474795,204,0.778712272644043
1778381588.0776284,209,0.7901877164840698
1778384032.8263068,214,0.8057136535644531
1778386476.8337154,219,0.794008731842041
1778388925.3933187,224,0.8103538155555725
1778391371.0273018,229,0.8137083649635315
1778393821.8250072,234,0.8143696784973145
1778396267.3060844,239,0.8223587870597839
1778398711.284509,244,0.8042436838150024
1778401153.0604746,249,0.8046234846115112
1778403596.691191,254,0.8224396109580994
1778406042.2620108,259,0.8298928737640381
1778408487.0604596,264,0.8242651224136353
1778410948.1059391,269,0.8214900493621826
1778413400.0469637,274,0.826960563659668
1778415851.599125,279,0.8438689708709717
1778418296.592626,284,0.8408057689666748
1778420736.5191963,289,0.8352105021476746
1778423182.3628,294,0.8465010523796082
1778425625.4282482,299,0.837659478187561
1778428065.8625212,304,0.8428393006324768
1778430510.3941548,309,0.8435193300247192
1778432955.3975832,314,0.852034866809845
1778435396.7361803,319,0.8432872295379639
1778437840.4152396,324,0.8479634523391724
1778440283.1943371,329,0.8509805798530579
1778442727.404632,334,0.8469424843788147
1778445183.1039574,339,0.8508251905441284
1778447636.1308603,344,0.845465898513794
