Wall time,Step,Value
1778327430.0049999,99,0.5771139860153198
1778329901.8661234,104,0.8558471202850342
1778332368.9044604,109,0.719982385635376
1778334846.9500186,114,0.8274507522583008
1778337320.2016904,119,0.8992199301719666
1778339770.4994678,124,0.901914119720459
1778342237.1144464,129,0.9023754596710205
1778344704.0596428,134,0.897995114326477
1778347168.5737429,139,0.9082673788070679
1778349637.6096733,144,0.9207391738891602
1778352103.41507,149,0.8164448738098145
1778354562.5362296,154,0.9022531509399414
1778357018.4732678,159,0.9165368676185608
1778359472.8498473,164,0.9281628727912903
1778361945.6332624,169,0.9390273690223694
1778364400.8562102,174,0.9149394035339355
1778366858.3665178,179,0.8914647698402405
1778369319.856228,184,0.9154595136642456
1778371775.3352108,189,0.9213826060295105
1778374236.0809445,194,0.9221665859222412
1778376689.8748603,199,0.9036789536476135
1778379143.6468031,204,0.9299736022949219
1778381588.0771005,209,0.941666841506958
1778384030.9245825,214,0.9107224941253662
1778386476.8332658,219,0.901240348815918
1778388923.7245674,224,0.9034337997436523
1778391369.3006973,229,0.9414364099502563
1778393820.138704,234,0.9091782569885254
1778396265.5115113,239,0.9305019974708557
1778398711.2840662,244,0.9144469499588013
1778401153.0599377,249,0.9064146280288696
1778403594.956858,254,0.9332744479179382
1778406040.5116866,259,0.9209815263748169
1778408487.0598264,264,0.9301524758338928
1778410948.1054015,269,0.9343265891075134
1778413400.0464323,274,0.9281545281410217
1778415849.856294,279,0.9335412383079529
1778418296.5921426,284,0.9547209739685059
1778420736.5187616,289,0.9289202094078064
1778423180.548233,294,0.9413613080978394
1778425625.4277694,299,0.9150818586349487
1778428065.8618555,304,0.9143738746643066
1778430510.3935409,309,0.9181960225105286
1778432953.6372235,314,0.9282612800598145
1778435396.7355387,319,0.91690993309021
1778437840.4147153,324,0.9185409545898438
1778440283.1938684,329,0.9144868850708008
1778442727.404194,334,0.9143875241279602
1778445183.103431,339,0.9101566076278687
1778447636.1302886,344,0.9175221920013428
1778450087.1394942,349,0.9172730445861816
