Wall time,Step,Value
1778327250.6392007,99,99.431396484375
1778329714.7232137,104,99.39680480957031
1778332186.273163,109,99.47636413574219
1778334650.3144512,114,99.4183578491211
1778337134.5664246,119,99.51007080078125
1778339609.5492034,124,99.59619903564453
1778342057.882851,129,99.5404281616211
1778344529.9541893,134,99.5323257446289
1778346998.8652728,139,99.58718872070312
1778349462.2101383,144,99.5376205444336
1778351930.2878866,149,99.54399108886719
1778354393.5933833,154,99.57666778564453
1778356854.900493,159,99.62810516357422
1778359310.6370764,164,99.6198959350586
1778361770.4542654,169,99.59528350830078
1778364241.3032355,174,99.6230697631836
1778366698.4929137,179,99.65283203125
1778369156.496377,184,99.64091491699219
1778371620.4873424,189,99.680908203125
1778374074.2340894,194,99.65580749511719
1778376534.679721,199,99.6956787109375
1778378985.7488852,204,99.66671752929688
1778381432.4041674,209,99.6756820678711
1778383877.9698434,214,99.6945571899414
1778386322.0875967,219,99.6718978881836
1778388767.4808984,224,99.68180084228516
1778391218.791738,229,99.71041870117188
1778393664.810645,234,99.68767547607422
1778396115.725579,239,99.73464965820312
1778398561.7660918,244,99.72584533691406
1778401006.4350524,249,99.74248504638672
1778403446.1221898,254,99.7388687133789
1778405890.5546353,259,99.71745300292969
1778408335.9309413,264,99.73402404785156
1778410789.188735,269,99.73649597167969
1778413248.8980765,274,99.7197036743164
1778415702.6198673,279,99.74651336669922
1778418147.720157,284,99.74070739746094
1778420589.9917576,289,99.76205444335938
1778423033.468259,294,99.75144958496094
1778425481.2602422,299,99.77364349365234
1778427922.2539043,304,99.767578125
1778430364.4086094,309,99.77238464355469
1778432809.3387938,314,99.77197265625
1778435251.5758102,319,99.76522827148438
1778437694.934779,324,99.77436828613281
1778440138.654389,329,99.77230072021484
1778442582.4644034,334,99.77339935302734
1778445034.2159867,339,99.77041625976562
1778447492.2697752,344,99.78138732910156
1778449941.3447402,349,99.78327178955078
